2,4.85708174923244e+24,1.43139373845529e+24,0,0
4,3.24836241669336e+24,1.67638516643546e+24,0,0
6,2.60669117387947e+24,1.79368829307821e+24,0,0
8,2.28003306118807e+24,1.84783938560049e+24,0,4.50091761273654e-38
10,2.09092769798782e+24,1.87382612244109e+24,0,8.61099665780977e-35
12,1.96765576096486e+24,1.88802425490618e+24,3.9119724239351e-41,1.36627971531471e-32
14,1.87951273054797e+24,1.89568944168968e+24,2.37944432153191e-38,5.27670629930883e-31
16,1.81429192025025e+24,1.89882252370604e+24,2.93390956799227e-36,8.28784833912099e-30
18,1.75512126322778e+24,1.90104588367655e+24,1.28763014851793e-34,7.21229555224448e-29
20,1.70726007904606e+24,1.90211788278648e+24,2.67156870719852e-33,4.01040327274117e-28
22,1.66522669925435e+24,1.9017839211231e+24,3.22777827402256e-32,1.63676222922595e-27
24,1.63357469602424e+24,1.901149965262e+24,2.4427950666764e-31,5.04384052155292e-27
26,1.59972386760792e+24,1.90040447255141e+24,1.44364221632907e-30,1.36061447365284e-26
28,1.56581555416724e+24,1.89879358145884e+24,6.71586134921233e-30,3.22562552061835e-26
30,1.55023628183066e+24,1.89729694226564e+24,2.36349608651629e-29,6.23278156485055e-26
32,1.52634131302022e+24,1.89480779820246e+24,7.61417473591344e-29,1.18846647620186e-25
34,1.51236507445025e+24,1.89234532232403e+24,2.00575245650635e-28,1.96152980504632e-25
36,1.48817814051922e+24,1.89278938656489e+24,5.15378259948911e-28,3.27428558968951e-25
38,1.47061003085966e+24,1.89207350032583e+24,1.15779991203655e-27,4.99650865390553e-25
40,1.45613360119771e+24,1.89181061399007e+24,2.33007101775453e-27,7.06996701038644e-25
42,1.43715901193932e+24,1.89333412455492e+24,4.70139890608961e-27,1.03139905712242e-24
44,1.42204642923765e+24,1.89556676437106e+24,8.63333202235263e-27,1.40008117039579e-24
46,1.40839389938884e+24,1.89764241350821e+24,1.47759163856054e-26,1.80164207567649e-24
48,1.38925029884219e+24,1.904367154703e+24,2.57358270928148e-26,2.41769783079716e-24
50,1.3760813415285e+24,1.91119920304786e+24,4.13758139543068e-26,3.03740039916715e-24
52,1.36594528487031e+24,1.9190682190427e+24,6.28391329990397e-26,3.6565474998143e-24
54,1.35376446452863e+24,1.92934004503996e+24,9.4816374039776e-26,4.42866002614138e-24
56,1.33565417746174e+24,1.94394948523966e+24,1.45813962044376e-25,5.53612655477871e-24
58,1.32609080860343e+24,1.95698671966358e+24,2.03366370125923e-25,6.30947666345678e-24
60,1.31530300672498e+24,1.97331441681415e+24,2.84844044194453e-25,7.31472154879493e-24
62,1.30763345073914e+24,1.98911418345108e+24,3.83681035851093e-25,8.23332214573944e-24
64,1.2975345467804e+24,2.00912146826329e+24,5.17673431595045e-25,9.34119517905977e-24
66,1.2878266064669e+24,2.03100549750297e+24,6.86896678769404e-25,1.04951800412127e-23
68,1.27517188131263e+24,2.06104496886041e+24,9.3362088314156e-25,1.21519069943266e-23
70,1.26636934808756e+24,2.0870941646591e+24,1.20084696152375e-24,1.33981038037831e-23
72,1.26337682602249e+24,2.10961856681345e+24,1.48408551518097e-24,1.42912965202084e-23
74,1.25501536838766e+24,2.13830157499184e+24,1.86414885474067e-24,1.55496684174079e-23
76,1.24313731012268e+24,2.16743242567741e+24,2.32096334146744e-24,1.67881216159994e-23
78,1.23547572115815e+24,2.19866620909108e+24,2.85432475940209e-24,1.80517635850333e-23
80,1.22809141036821e+24,2.23100358271158e+24,3.47682868768829e-24,1.9305848205219e-23
82,1.21449674107559e+24,2.2783399104027e+24,4.37003949247825e-24,2.14023426008353e-23
84,1.20787898513704e+24,2.31304338502943e+24,5.22258346742498e-24,2.26286643078497e-23
86,1.20541029514723e+24,2.34123203706115e+24,6.08137556984537e-24,2.34077510171991e-23
88,1.19909028955994e+24,2.37691342110217e+24,7.16604251641871e-24,2.45678919530365e-23
90,1.19297955125232e+24,2.41304102381507e+24,8.38715618826262e-24,2.56923773976688e-23
92,1.18693107596648e+24,2.44889425911253e+24,9.7204413628039e-24,2.6661030669364e-23
94,1.18120427454735e+24,2.48556517545103e+24,1.12403683484532e-23,2.77096622302869e-23
96,1.17565298125002e+24,2.52239166723035e+24,1.29249855143614e-23,2.87160841267907e-23
98,1.17154500820364e+24,2.54957382430043e+24,1.45458489874557e-23,2.92610512327095e-23
100,1.16625160337496e+24,2.58634591122515e+24,1.6563815807392e-23,3.01833452206848e-23
102,1.16111125350717e+24,2.62305830152527e+24,1.87724773147353e-23,3.1061518272359e-23
104,1.14995944536794e+24,2.6851514563985e+24,2.2012602148506e-23,3.31113583215034e-23
106,1.14532214925185e+24,2.72163118490234e+24,2.46957136667229e-23,3.38807626675048e-23
108,1.1408039947538e+24,2.75782823221323e+24,2.7596995057218e-23,3.46048578696779e-23
110,1.14114482831738e+24,2.78278665146363e+24,3.02923169996686e-23,3.47440274607622e-23
112,1.13669513950248e+24,2.81832304856189e+24,3.36221229202751e-23,3.53898822191e-23
114,1.13235144851518e+24,2.8534843876607e+24,3.71923114164362e-23,3.59938762312784e-23
116,1.12677385548577e+24,2.88529903899908e+24,4.08817570646853e-23,3.64587089443718e-23
118,1.12268702345719e+24,2.91961134000565e+24,4.49431771859896e-23,3.69835813278537e-23
120,1.11868791049994e+24,2.95348395177162e+24,4.92651084888782e-23,3.74703650562197e-23
122,1.11477216283835e+24,2.98690154758804e+24,5.38539019098156e-23,3.79204259521897e-23
124,1.11069840812191e+24,3.01435545685659e+24,5.84567529480401e-23,3.81727578371577e-23
126,1.10692084202434e+24,3.04692857431764e+24,6.35887054010541e-23,3.856012123359e-23
128,1.10321745408526e+24,3.07902178556109e+24,6.90052783775024e-23,3.89148269969255e-23
130,1.10063496942225e+24,3.10336530674975e+24,7.4153655811044e-23,3.89433049624107e-23
132,1.09702007834233e+24,3.13458284500633e+24,8.01362435418061e-23,3.92461749614202e-23
134,1.09347244219134e+24,3.16531625933151e+24,8.64190082094801e-23,3.95203564595203e-23
136,1.0899890446999e+24,3.19556586610418e+24,9.30064928667614e-23,3.97671829590797e-23
138,1.08460728017361e+24,3.25367726580288e+24,1.02208905326619e-22,4.087677506047e-23
140,1.08131356910478e+24,3.28252062553275e+24,1.09497572738923e-22,4.10450082483684e-23
142,1.07807209247523e+24,3.3108870669053e+24,1.17102680125133e-22,4.11904609786629e-23
144,1.07488083802144e+24,3.33878309406433e+24,1.25027748135662e-22,4.13143386182354e-23
146,1.07169685222085e+24,3.36049659376677e+24,1.32873256120417e-22,4.13109385499822e-23
148,1.06859570593354e+24,3.3876067132151e+24,1.41437918073481e-22,4.1399748358656e-23
150,1.06553998329809e+24,3.41426642546977e+24,1.50331751491266e-22,4.14701192738317e-23
152,1.06252809052986e+24,3.44048418667785e+24,1.59557390235078e-22,4.15230780908423e-23
154,1.05883040667859e+24,3.46724191886733e+24,1.69301735419144e-22,4.16105585958078e-23
156,1.05592622895528e+24,3.49258043454489e+24,1.79201808985582e-22,4.16296305050775e-23
158,1.05306057697515e+24,3.51750390156959e+24,1.89440323327371e-22,4.16341635618543e-23
160,1.05023225502374e+24,3.54202162535341e+24,2.00019142975753e-22,4.16250085858647e-23
162,1.04740860754485e+24,3.56265616365064e+24,2.10205346818718e-22,4.1519342378985e-23
164,1.04465206968292e+24,3.58645522243168e+24,2.21445384641971e-22,4.14882729465056e-23
166,1.04192977765752e+24,3.60987513390138e+24,2.33029899576367e-22,4.14457017600536e-23
168,1.03924076655234e+24,3.63292515318159e+24,2.44960068694226e-22,4.13923271953836e-23
170,1.03605730668723e+24,3.64886970881793e+24,2.56768539631939e-22,4.11888689041393e-23
172,1.03344182802325e+24,3.67134697542221e+24,2.69394104483188e-22,4.11208566561491e-23
174,1.0308569267145e+24,3.69347921226984e+24,2.82368460312253e-22,4.10437359839658e-23
176,1.02830180589647e+24,3.71527520309088e+24,2.95692180765672e-22,4.09580784954285e-23
178,1.0257757084742e+24,3.73674359258067e+24,3.0936570240216e-22,4.08644258482607e-23
180,1.01822602190722e+24,3.79702121821878e+24,3.3203571867555e-22,4.17804322510606e-23
182,1.01585292109352e+24,3.81728885492965e+24,3.4659255692363e-22,4.16448150163802e-23
184,1.0135034293996e+24,3.83726338651564e+24,3.61499253909601e-22,4.15035266576687e-23
186,1.01117708043049e+24,3.85695284834946e+24,3.76755728657192e-22,4.13569753856397e-23
188,1.01275935066091e+24,3.86239599441534e+24,3.88180150630928e-22,4.0763442929659e-23
190,1.01039755214678e+24,3.88171992329274e+24,4.04060698959889e-22,4.06187268990977e-23
192,1.00806007740737e+24,3.90077947709137e+24,4.20290994456427e-22,4.046951818405e-23
194,1.00574643245234e+24,3.91958180785545e+24,4.36870545447319e-22,4.03161485502119e-23
196,1.00345614182499e+24,3.93813387277616e+24,4.53798762020648e-22,4.01589312883167e-23
198,1.00149735563356e+24,3.9489761327333e+24,4.68564476241109e-22,3.98532159236229e-23
200,9.99257522622463e+23,3.96711256277004e+24,4.86118228476963e-22,3.9692216757489e-23
202,9.97039560498705e+23,3.98501773538589e+24,5.04017600851148e-22,3.95281344313349e-23
204,9.9484305709192e+23,4.00269784000936e+24,5.22261665153731e-22,3.93612197711029e-23
206,9.92667614512812e+23,4.02015888700283e+24,5.40849412847955e-22,3.91917095372951e-23
208,9.90669478289701e+23,4.03593221202724e+24,5.60013263403516e-22,3.89982983924311e-23
210,9.88521637557136e+23,4.05300575146942e+24,5.79299130651939e-22,3.88248162423443e-23
212,9.86394399360612e+23,4.06987549077203e+24,5.98924919561181e-22,3.86493318505411e-23
214,9.84287384846952e+23,4.08654683449828e+24,6.18889303510044e-22,3.84720355816477e-23
216,9.82200227464095e+23,4.10302502399662e+24,6.39190891340229e-22,3.82931070066495e-23
218,9.79654413234842e+23,4.12405408291546e+24,6.61339784421339e-22,3.81959249110694e-23
220,9.77616322944118e+23,4.14011440732205e+24,6.8235195527339e-22,3.80126985010884e-23
222,9.7559659234629e+23,4.15599795071306e+24,7.03697805673255e-22,3.78283664988077e-23
224,9.73594919430893e+23,4.17170929157706e+24,7.25375725693813e-22,3.76430688710734e-23
226,9.71611010629495e+23,4.18725286784108e+24,7.47384053155987e-22,3.7456937526038e-23
228,9.68809853196033e+23,4.20255039402748e+24,7.71819790274769e-22,3.7300095466303e-23
230,9.66869540461065e+23,4.21781540846662e+24,7.94546871487393e-22,3.71126554222196e-23
232,9.64945995904784e+23,4.23292377843015e+24,8.17599529324732e-22,3.69247107530083e-23
234,9.6303896009353e+23,4.24787946581092e+24,8.40975895200171e-22,3.67363668697251e-23
236,9.61148180176799e+23,4.26268631052856e+24,8.64674059756191e-22,3.65477230110062e-23
238,9.5927340960221e+23,4.27734803434058e+24,8.88692074907897e-22,3.63588725801945e-23
240,9.57905694490109e+23,4.28377911157732e+24,9.07591494827219e-22,3.60193588010125e-23
242,9.56068264293626e+23,4.29819818913112e+24,9.32105291355089e-22,3.58324665843214e-23
244,9.54245960764182e+23,4.31248194086616e+24,9.56931203247173e-22,3.56455793517972e-23
246,9.5243856440644e+23,4.32663366706306e+24,9.820671643436e-22,3.54587710409081e-23
248,9.50645860733924e+23,4.34065656733968e+24,1.00751107950542e-21,3.52721111513271e-23
250,9.48867640075166e+23,4.35455374390961e+24,1.03326082627578e-21,3.50856649855593e-23
252,9.47161110520794e+23,4.36704708762335e+24,1.05670664268604e-21,3.48706484979464e-23
254,9.45406729116199e+23,4.38072513662601e+24,1.08302711637606e-21,3.4685602492562e-23
256,9.43666378769216e+23,4.39428531228895e+24,1.10964693276467e-21,3.4500914039204e-23
258,9.41939861489159e+23,4.4077303858257e+24,1.13656388270032e-21,3.43166350112069e-23
260,9.40226983547147e+23,4.4210630451576e+24,1.16377573728495e-21,3.41328140491959e-23
262,9.38527555325192e+23,4.43428589765145e+24,1.19128024922997e-21,3.39494967350369e-23
264,9.3711640818268e+23,4.4452810864235e+24,1.2202671657908e-21,3.37161236447054e-23
266,9.35429573741599e+23,4.45838068728462e+24,1.24845874162522e-21,3.35356379960861e-23
268,9.33755982366339e+23,4.47137624551695e+24,1.2769380776816e-21,3.33557147921808e-23
270,9.32095449337335e+23,4.48427010641778e+24,1.30570284019351e-21,3.31763911520644e-23
272,9.30447793801519e+23,4.49706454649573e+24,1.33475068284265e-21,3.29977017913978e-23
274,9.28812838643095e+23,4.50976177571499e+24,1.36407924788388e-21,3.2819679149914e-23
276,9.2566221534075e+23,4.54434142958312e+24,1.40825043341656e-21,3.29934986684189e-23
278,9.24072570254091e+23,4.5565391387561e+24,1.4381879484055e-21,3.28094181495057e-23
280,9.22494681843697e+23,4.56865213537297e+24,1.46839739329819e-21,3.26262991786305e-23
282,9.20928400291682e+23,4.5806822292329e+24,1.49887639290622e-21,3.24441591752211e-23
284,9.19373578404454e+23,4.59263117795038e+24,1.52962256558737e-21,3.22630140959822e-23
286,9.17830071550765e+23,4.60450068863274e+24,1.56063352410177e-21,3.20828785148035e-23
288,9.1589115520682e+23,4.61823946580945e+24,1.59279715674673e-21,3.19633077324729e-23
290,9.14377586629655e+23,4.62991235863188e+24,1.62430629698472e-21,3.17841573424521e-23
292,9.12874760189157e+23,4.64151143166724e+24,1.65607266766328e-21,3.16060802813077e-23
294,9.1138254441096e+23,4.65303818969976e+24,1.68809387920406e-21,3.14290854809722e-23
296,9.09900809975791e+23,4.66449409519877e+24,1.72036754047363e-21,3.12531808605832e-23
298,9.08429429669103e+23,4.67588056970433e+24,1.75289125951599e-21,3.10783733832819e-23
300,9.08048350938535e+23,4.67798304273104e+24,1.77656484185321e-21,3.07646246607051e-23
302,9.06591260360479e+23,4.6892904360171e+24,1.80945423406283e-21,3.05940266163818e-23
304,9.0514424508174e+23,4.70053178367213e+24,1.84258587112687e-21,3.04245052538504e-23
306,9.0370718322768e+23,4.71170836443518e+24,1.87595737273291e-21,3.02560650175115e-23
308,9.02279954908399e+23,4.72282142230218e+24,1.90956636115969e-21,3.00887096166476e-23
310,9.00862442172994e+23,4.73387216763576e+24,1.9434104618595e-21,2.99224420668769e-23
312,8.99454528965468e+23,4.74486177823616e+24,1.97748730401891e-21,2.97572647294204e-23
314,8.98421251855248e+23,4.75486836831509e+24,2.00838653408601e-21,2.95170870092549e-23
316,8.97020096487484e+23,4.76578714864436e+24,2.04295702812725e-21,2.93555171479484e-23
318,8.95628494490593e+23,4.77664678020652e+24,2.0777537939024e-21,2.91949998752559e-23
320,8.94246328885495e+23,4.78744835754745e+24,2.1127744691164e-21,2.90355367022303e-23
322,8.92873484650159e+23,4.79819294639407e+24,2.14801669789756e-21,2.88771285990209e-23
324,8.91509848673965e+23,4.8088815845527e+24,2.18347813123808e-21,2.87197760255506e-23
326,8.90155309713915e+23,4.81951528277452e+24,2.21915642741396e-21,2.85634789605822e-23
328,8.87523361510944e+23,4.83383383991481e+24,2.26596273260203e-21,2.84827949751207e-23
330,8.86202304839114e+23,4.84434462671018e+24,2.30218531982038e-21,2.83271528044894e-23
332,8.84889688800764e+23,4.85480377546019e+24,2.33861821783398e-21,2.81725960585103e-23
334,8.83585418452747e+23,4.86521218725973e+24,2.37525911042144e-21,2.80191221668261e-23
336,8.82289400215678e+23,4.87557074026686e+24,2.41210569035946e-21,2.78667282309374e-23
338,8.81001541849595e+23,4.88588029040165e+24,2.44915565975445e-21,2.77154110443683e-23
340,8.79721752429888e+23,4.89614167202355e+24,2.48640673036317e-21,2.75651671118193e-23
342,8.79011754180158e+23,4.90648656733834e+24,2.51962278397482e-21,2.7360536277924e-23
344,8.7773949370758e+23,4.91665043354264e+24,2.55720403893966e-21,2.7213210506689e-23
346,8.7647523619875e+23,4.92676830787325e+24,2.5949790521878e-21,2.70669292344912e-23
348,8.75218890042205e+23,4.93684095119868e+24,2.63294558509575e-21,2.69216884505446e-23
350,8.73970365022752e+23,4.94686910570049e+24,2.67110141015587e-21,2.67774839212421e-23
352,8.7272957229379e+23,4.95685349542764e+24,2.70944431120888e-21,2.66343112046775e-23
354,8.71496424350115e+23,4.96679482683422e+24,2.74797208366835e-21,2.64921656644422e-23
356,8.68991558483955e+23,4.98286639480074e+24,2.8114142468903e-21,2.64517202612365e-23
358,8.6778253873485e+23,4.9927232248595e+24,2.85054183208519e-21,2.63102977088156e-23
360,8.66580777256431e+23,5.00253912071637e+24,2.88984701991568e-21,2.61699092865155e-23
362,8.65386195230981e+23,5.01231471994166e+24,2.9293276300766e-21,2.60305492503862e-23
364,8.64198714929945e+23,5.02205064503438e+24,2.96898149529471e-21,2.5892211732983e-23
366,8.63018259696437e+23,5.0317475038579e+24,3.00880646148472e-21,2.57548907530131e-23
368,8.61844753927932e+23,5.04140589006255e+24,3.04880038789831e-21,2.56185802244948e-23
370,8.61108487208581e+23,5.05109117279205e+24,3.07997246657648e-21,2.54153183712102e-23
372,8.59944659712542e+23,5.06063812096486e+24,3.12019164869035e-21,2.52814338972947e-23
374,8.58787642110777e+23,5.07014879854571e+24,3.1605736653892e-21,2.51485391407362e-23
376,8.57637360297733e+23,5.07962373732692e+24,3.2011164436526e-21,2.50166276349884e-23
378,8.56493741234559e+23,5.08906345699705e+24,3.24181792414919e-21,2.4885692850382e-23
380,8.55356712930233e+23,5.09846846548204e+24,3.28267606133157e-21,2.47557282006761e-23
382,8.5422620442284e+23,5.10783925927787e+24,3.32368882353122e-21,2.46267270492712e-23
384,8.53102145761478e+23,5.11717632377122e+24,3.36485419304342e-21,2.44986827150861e-23
386,8.51247908095514e+23,5.12568794126886e+24,3.41494308032559e-21,2.45213866362084e-23
388,8.50143694405941e+23,5.13501381335741e+24,3.45655178242546e-21,2.43944222229078e-23
390,8.49045581749384e+23,5.14430654168975e+24,3.49830737762074e-21,2.42683975512948e-23
392,8.47953508077983e+23,5.15356658610061e+24,3.54020788661017e-21,2.41433059071175e-23
394,8.46867412139669e+23,5.16279439639059e+24,3.58225134459915e-21,2.40191405515171e-23
396,8.4578723346705e+23,5.17199041260249e+24,3.62443580135082e-21,2.38958947254535e-23
398,8.4471291236658e+23,5.18115506528803e+24,3.66675932122582e-21,2.37735616538918e-23
400,8.4348844518271e+23,5.19312537478641e+24,3.69887688594689e-21,2.36270933899569e-23
402,8.42429482492823e+23,5.20211750789452e+24,3.74118812202151e-21,2.35061412263868e-23
404,8.41376186677487e+23,5.21108079266181e+24,3.78363148833352e-21,2.33860984390942e-23
406,8.40328500166486e+23,5.22001560304617e+24,3.82620514705739e-21,2.32669577127235e-23
408,8.39286366159877e+23,5.22892230518914e+24,3.86890727476157e-21,2.31487117490257e-23
410,8.38249728615938e+23,5.23780125762634e+24,3.91173606241453e-21,2.30313532693636e-23
412,8.37218532239593e+23,5.24665281149004e+24,3.95468971538407e-21,2.29148750170547e-23
414,8.36192722470933e+23,5.25547731070648e+24,3.9977664534336e-21,2.27992697595778e-23
416,8.36284181189909e+23,5.25114421145302e+24,4.01049751982072e-21,2.26474146611734e-23
418,8.35263324321087e+23,5.26002333143327e+24,4.053756953757e-21,2.253486308094e-23
420,8.34247701373469e+23,5.26887503611699e+24,4.09713605282632e-21,2.24231335474882e-23
422,8.33237261462176e+23,5.27769966589948e+24,4.14063308296743e-21,2.23122196384816e-23
424,8.32231954349468e+23,5.2864975543679e+24,4.18424632430187e-21,2.22021149464705e-23
426,8.31231730435666e+23,5.29526902847763e+24,4.22797407111322e-21,2.20928130809217e-23
428,8.30236540750341e+23,5.3040144087228e+24,4.27181463182446e-21,2.19843076701217e-23
430,8.29246336943114e+23,5.31273400930515e+24,4.31576632897857e-21,2.18765923629925e-23
432,8.27074585865978e+23,5.33302484244763e+24,4.39773801784717e-21,2.17093029823774e-23
434,8.26095767868321e+23,5.3416385802307e+24,4.44216420671481e-21,2.16026991175346e-23
436,8.25121837544864e+23,5.35022813802154e+24,4.48669592940236e-21,2.14968802696156e-23
438,8.24152747454524e+23,5.35879379473381e+24,4.53133155357855e-21,2.13918398669511e-23
440,8.23188450776464e+23,5.3673358239899e+24,4.5760694611122e-21,2.12875713738396e-23
442,8.22228901300958e+23,5.37585449425395e+24,4.62090804802495e-21,2.11840682915496e-23
444,8.2127405342022e+23,5.38435006896241e+24,4.66584572444731e-21,2.10813241592543e-23
446,8.20323862119509e+23,5.39282280664993e+24,4.710880914568e-21,2.09793325548957e-23
448,8.20488349086121e+23,5.38857489909051e+24,4.71840139451349e-21,2.09011343917955e-23
450,8.19541305706565e+23,5.39706688806294e+24,4.7634448219864e-21,2.0801321688661e-23
452,8.18598844468168e+23,5.40553590226989e+24,4.80858180497615e-21,2.07022250051744e-23
454,8.17660921836917e+23,5.41398219755505e+24,4.85381082799306e-21,2.06038384934961e-23
456,8.16727494845249e+23,5.42240602511001e+24,4.89913038921672e-21,2.05061563372383e-23
458,8.15798521083524e+23,5.43080763158866e+24,4.94453900043652e-21,2.04091727522971e-23
460,8.14873958691676e+23,5.43918725921839e+24,4.99003518698988e-21,2.03128819876287e-23
462,8.13953766351101e+23,5.4475451459077e+24,5.03561748769846e-21,2.02172783259621e-23
464,8.12159976015302e+23,5.46556090984872e+24,5.11686649142226e-21,2.01676264675616e-23
466,8.11256304444616e+23,5.47384565784529e+24,5.16273281174282e-21,2.00726319485985e-23
468,8.10356788093067e+23,5.48210982476759e+24,5.20867965148297e-21,1.99783209840956e-23
470,8.09461389344332e+23,5.49035362328963e+24,5.25470560340968e-21,1.98846877200323e-23
472,8.0857007104947e+23,5.49857726245105e+24,5.30080927357051e-21,1.97917263456927e-23
474,8.07682796520401e+23,5.50678094774458e+24,5.34698928122188e-21,1.96994310939184e-23
476,8.06799529523565e+23,5.51496488120051e+24,5.39324425875378e-21,1.96077962413213e-23
478,8.0592023427365e+23,5.523129261469e+24,5.4395728516133e-21,1.95168161084693e-23
480,8.04683939775635e+23,5.53646166024295e+24,5.48112785062931e-21,1.93683004206726e-23
482,8.03816483188176e+23,5.54448070507602e+24,5.52739654492076e-21,1.92782616515392e-23
484,8.02952842022761e+23,5.55248208735161e+24,5.5737353563633e-21,1.91888745911352e-23
486,8.02092982959005e+23,5.56046597144132e+24,5.62014299506013e-21,1.9100133358583e-23
488,8.01236873082762e+23,5.56843251915996e+24,5.66661818347576e-21,1.90120321281892e-23
490,8.00384479880627e+23,5.57638188982466e+24,5.71315965636057e-21,1.892456512914e-23
492,7.99535771234474e+23,5.58431424031256e+24,5.7597661606741e-21,1.88377266451844e-23
494,7.98690715416299e+23,5.59222972511541e+24,5.80643645550201e-21,1.87515110143024e-23
496,7.97807364963871e+23,5.60410234612759e+24,5.87361784294826e-21,1.87671155627758e-23
498,7.96970094496323e+23,5.61197396567586e+24,5.92045905124524e-21,1.86815276564304e-23
500,7.9613638179374e+23,5.6198294223514e+24,5.9673597648739e-21,1.85965528401608e-23
502,7.95306196616434e+23,5.62766885607923e+24,6.01431879197213e-21,1.85121855454624e-23
504,7.94479509091128e+23,5.63549240478169e+24,6.06133495244603e-21,1.84284202590124e-23
506,7.93656289706031e+23,5.64330020442282e+24,6.10840707788646e-21,1.83452515222235e-23
508,7.92836509305806e+23,5.65109238905259e+24,6.15553401148877e-21,1.82626739307982e-23
510,7.92020139086918e+23,5.65886909084798e+24,6.20271460796496e-21,1.81806821342713e-23
512,7.9120715059274e+23,5.66663044015526e+24,6.24994773346429e-21,1.80992708355588e-23
514,7.89596652405686e+23,5.68102370562849e+24,6.33627002286573e-21,1.81813045463803e-23
516,7.88792060471891e+23,5.68875954141923e+24,6.38380436915644e-21,1.810015450088e-23
518,7.87990779254606e+23,5.6964802410126e+24,6.43138658770528e-21,1.80195762302228e-23
520,7.87192781184503e+23,5.70418593105929e+24,6.47901558923999e-21,1.79395645968045e-23
522,7.86398039027429e+23,5.71187673650018e+24,6.52669029567827e-21,1.78601145139181e-23
524,7.85606525879682e+23,5.7195527806043e+24,6.57440964004347e-21,1.77812209453222e-23
526,7.84818215163541e+23,5.7272141850042e+24,6.6221725663719e-21,1.77028789048053e-23
528,7.840330806227e+23,5.73486106973171e+24,6.66997802962724e-21,1.76250834557516e-23
530,7.83126988030223e+23,5.73693523979769e+24,6.67953375577101e-21,1.7551684418291e-23
532,7.82350326915223e+23,5.74453925277851e+24,6.72727890310066e-21,1.74750148747885e-23
534,7.81576722823135e+23,5.75212910117103e+24,6.77506479490565e-21,1.73988763878943e-23
536,7.80806151470183e+23,5.7597049008164e+24,6.82289042948608e-21,1.73232642337265e-23
538,7.80038588858315e+23,5.76726676606395e+24,6.87075481546794e-21,1.72481737354105e-23
540,7.79274011271407e+23,5.77481480980295e+24,6.91865697171883e-21,1.71736002626533e-23
542,7.78512395271602e+23,5.78234914349288e+24,6.96659592725991e-21,1.70995392313153e-23
544,7.77753717695547e+23,5.78986987719411e+24,7.0145707211846e-21,1.70259861029872e-23
546,7.76997955650845e+23,5.79737711959659e+24,7.06258040257051e-21,1.69529363845636e-23
548,7.76020093953703e+23,5.81011157321112e+24,7.13499942446921e-21,1.68148198133933e-23
550,7.75270412257635e+23,5.81757565426911e+24,7.18318101983309e-21,1.67429339025618e-23
552,7.74523575580201e+23,5.82502682133706e+24,7.23139456569262e-21,1.66715389069964e-23
554,7.73779562149712e+23,5.8324651733332e+24,7.27963914592301e-21,1.66006304681652e-23
556,7.73038350446495e+23,5.83989080803307e+24,7.32791385402314e-21,1.65302042720305e-23
558,7.72299919199567e+23,5.84730382209271e+24,7.3762177930313e-21,1.64602560485926e-23
560,7.71564247383431e+23,5.85470431107088e+24,7.42455007544069e-21,1.63907815714346e-23
562,7.70831314214776e+23,5.8620923694518e+24,7.47290982311876e-21,1.63217766572723e-23
564,7.70577494899292e+23,5.85735076643653e+24,7.46699866387803e-21,1.61790342947241e-23
566,7.6985020759678e+23,5.86471456892999e+24,7.5150946486184e-21,1.61114951429482e-23
568,7.69125585379295e+23,5.87206617824486e+24,7.56321643493323e-21,1.60444078764815e-23
570,7.6840360857178e+23,5.87940568571589e+24,7.6113631909882e-21,1.59777685423339e-23
572,7.67684257723738e+23,5.88673318168636e+24,7.65953409369628e-21,1.59115732276562e-23
574,7.66967513606404e+23,5.89404875552657e+24,7.70772832863487e-21,1.5845818059315e-23
576,7.6625335720969e+23,5.90135249565374e+24,7.75594508997169e-21,1.57804992034804e-23
578,7.65541769739369e+23,5.9086444895502e+24,7.80418358038509e-21,1.57156128652098e-23
580,7.64832732614254e+23,5.91592482378119e+24,7.85244301098537e-21,1.56511552880377e-23
582,7.63610030850842e+23,5.92936323789557e+24,7.93714806480005e-21,1.56784617597238e-23
584,7.62905332266206e+23,5.93662884200313e+24,7.98567190982984e-21,1.56143969179802e-23
586,7.6220315650709e+23,5.94388286606439e+24,8.0342134761249e-21,1.55507526145061e-23
588,7.61503485323003e+23,5.95112539620357e+24,8.08277200452194e-21,1.54875252365663e-23
590,7.60806300654798e+23,5.95835651794803e+24,8.13134674512633e-21,1.54247112077555e-23
592,7.60111584666895e+23,5.96557631565191e+24,8.17993695505984e-21,1.53623069868514e-23
594,7.59419319721156e+23,5.97278487290882e+24,8.22854189983345e-21,1.5300309067973e-23
596,7.58729488379934e+23,5.97998227246929e+24,8.27716085290961e-21,1.52387139800928e-23
598,7.58042073403403e+23,5.98716859625654e+24,8.32579309562657e-21,1.51775182866767e-23
600,7.58011214270812e+23,5.99633463038805e+24,8.37078267131264e-21,1.51405057247417e-23
602,7.57327863113906e+23,6.00350830910798e+24,8.41933862281994e-21,1.50800219537653e-23
604,7.56646879624951e+23,6.01067115242035e+24,8.46790534643883e-21,1.50199279426574e-23
606,7.55968247369667e+23,6.01782323772085e+24,8.51648215825297e-21,1.49602203808038e-23
608,7.55291950096969e+23,6.0249646416861e+24,8.56506838184431e-21,1.4900895990599e-23
610,7.54617971736532e+23,6.03209544028669e+24,8.61366334821934e-21,1.48419515270975e-23
612,7.53946296396341e+23,6.03921570880018e+24,8.66226639573882e-21,1.47833837776692e-23
614,7.53276908360436e+23,6.04632552182242e+24,8.71087687003917e-21,1.47251895616545e-23
616,7.52609792086438e+23,6.05342495328096e+24,8.75949412396807e-21,1.4667365730027e-23
618,7.51223134238088e+23,6.06078518859014e+24,8.84918782455889e-21,1.44486282150333e-23
620,7.5056175088192e+23,6.0678757013032e+24,8.89803288180095e-21,1.43921273869294e-23
622,7.49902584421892e+23,6.0749560286903e+24,8.94688246625923e-21,1.43359846112651e-23
624,7.49245620131039e+23,6.08202624197742e+24,8.995735952992e-21,1.42801968795683e-23
626,7.48590843442402e+23,6.08908641178529e+24,9.04459272400819e-21,1.42247612133048e-23
628,7.4793823994688e+23,6.09613660814016e+24,9.09345216820023e-21,1.4169674663557e-23
630,7.47287795391242e+23,6.10317690048313e+24,9.14231368126946e-21,1.41149343107037e-23
632,7.46639495676011e+23,6.11020735768076e+24,9.19117666566306e-21,1.40605372641038e-23
634,7.45993326853496e+23,6.11722804803416e+24,9.24004053050183e-21,1.4006480661784e-23
636,7.45883488527612e+23,6.11362089174985e+24,9.21010120262214e-21,1.40008993800526e-23
638,7.45242032731934e+23,6.12060133125241e+24,9.25866190830095e-21,1.39473756843444e-23
640,7.44602645021682e+23,6.1275723795834e+24,9.30722348013828e-21,1.38941846758917e-23
642,7.43965312375617e+23,6.13453410124224e+24,9.35578535294848e-21,1.38413235947613e-23
644,7.43330021909063e+23,6.14148656022531e+24,9.40434696774994e-21,1.3788789708444e-23
646,7.42696760872088e+23,6.14842982003442e+24,9.45290777170418e-21,1.3736580311553e-23
648,7.42065516647811e+23,6.15536394368468e+24,9.50146721805429e-21,1.36846927255248e-23
650,7.41436276750714e+23,6.16228899371192e+24,9.55002476606058e-21,1.36331242983232e-23
652,7.40809028824951e+23,6.16920503218037e+24,9.59857988094102e-21,1.35818724041475e-23
654,7.37839124394005e+23,6.20510854252089e+24,9.84871814994086e-21,1.3632314053567e-23
656,7.37222200965692e+23,6.21200833360492e+24,9.89780366271076e-21,1.35809735693803e-23
658,7.36607219702998e+23,6.21889913688705e+24,9.9468810120955e-21,1.35299489211096e-23
660,7.35994168644683e+23,6.22578101522966e+24,9.99594970014912e-21,1.34792375079517e-23
662,7.35383035954908e+23,6.23265403101764e+24,1.00450092347146e-20,1.34288367547477e-23
664,7.34773809921522e+23,6.23951824616643e+24,1.00940591293659e-20,1.33787441117059e-23
666,7.34166478954446e+23,6.2463737221292e+24,1.01430989033443e-20,1.3328957054126e-23
668,7.33561031584126e+23,6.2532205199035e+24,1.01921280814965e-20,1.32794730821243e-23
670,7.33397659432777e+23,6.24638171891594e+24,1.01545666754185e-20,1.30682398900048e-23
672,7.3279516213698e+23,6.2531901921598e+24,1.02033412807669e-20,1.30200603401871e-23
674,7.32194505137745e+23,6.25999038733225e+24,1.02521060002782e-20,1.29721717399581e-23
676,7.31595677626719e+23,6.26678236129844e+24,1.03008603736381e-20,1.2924571724377e-23
678,7.30998668905107e+23,6.27356617053329e+24,1.03496039457731e-20,1.2877257951742e-23
680,7.30403468382343e+23,6.28034187112651e+24,1.03983362667924e-20,1.28302281033312e-23
682,7.29810065574655e+23,6.28710951878829e+24,1.04470568919339e-20,1.27834798831496e-23
684,7.29218450103668e+23,6.2938691688549e+24,1.04957653815097e-20,1.27370110176785e-23
686,7.28628611695067e+23,6.30062087629379e+24,1.0544461300852e-20,1.26908192556279e-23
688,7.28391694646266e+23,6.30641473106455e+24,1.05773106026667e-20,1.27511684966511e-23
690,7.27804309058378e+23,6.31317272271881e+24,1.06259664811256e-20,1.27051706116802e-23
692,7.27218680002771e+23,6.31992274526068e+24,1.06746083076892e-20,1.26594446806757e-23
694,7.26634797519047e+23,6.3266648539783e+24,1.07232356674259e-20,1.26139885368326e-23
696,7.26052651744824e+23,6.33339910379555e+24,1.07718481501956e-20,1.25688000342267e-23
698,7.2547223291458e+23,6.34012554927598e+24,1.08204453505927e-20,1.25238770475867e-23
700,7.24893531358357e+23,6.34684424462825e+24,1.08690268678984e-20,1.24792174720718e-23
702,7.24316537500544e+23,6.35355524371072e+24,1.09175923060298e-20,1.24348192230507e-23
704,7.23741241858672e+23,6.36025860003615e+24,1.096614127349e-20,1.23906802358834e-23
706,7.22986103410648e+23,6.36346540290467e+24,1.09666932678461e-20,1.22639297189484e-23
708,7.22415400012061e+23,6.37009434377267e+24,1.10150294726184e-20,1.22205821122233e-23
710,7.21846349214948e+23,6.37671621275358e+24,1.10633495704982e-20,1.21774866987623e-23
712,7.21278942086387e+23,6.38333105845148e+24,1.11116531850935e-20,1.21346414866082e-23
714,7.20713169778987e+23,6.38993892918653e+24,1.11599399442679e-20,1.20920445030503e-23
716,7.20149023529751e+23,6.39653987299878e+24,1.12082094800993e-20,1.20496937944127e-23
718,7.19586494659065e+23,6.40313393765094e+24,1.12564614288298e-20,1.20075874258423e-23
720,7.1902557456956e+23,6.40972117063241e+24,1.13046954308262e-20,1.19657234811015e-23
722,7.18466254745121e+23,6.4163016191617e+24,1.13529111305311e-20,1.19241000623624e-23
724,7.1919198074777e+23,6.42153936350096e+24,1.13549814124964e-20,1.20620941848647e-23
726,7.18631275500624e+23,6.42811038926694e+24,1.14030987015149e-20,1.20203519742302e-23
728,7.18072169544683e+23,6.43467481258364e+24,1.14511974174127e-20,1.197884769605e-23
730,7.17514654510939e+23,6.44123267850342e+24,1.14992772147905e-20,1.19375795037553e-23
732,7.16958722108053e+23,6.44778403184344e+24,1.15473377521437e-20,1.18965455683888e-23
734,7.1640436412134e+23,6.45432891718849e+24,1.15953786918233e-20,1.18557440784109e-23
736,7.15851572411816e+23,6.46086737889302e+24,1.16433996999926e-20,1.18151732395079e-23
738,7.15300338915264e+23,6.46739946108334e+24,1.16914004465863e-20,1.17748312744023e-23
740,7.14750655641186e+23,6.47392520766078e+24,1.17393806052754e-20,1.17347164226672e-23
742,7.13525449135592e+23,6.48274405064399e+24,1.18280977515069e-20,1.14814836093027e-23
744,7.12981721286446e+23,6.48927255706116e+24,1.18760429681562e-20,1.14425605319023e-23
746,7.12439508306122e+23,6.49579472289853e+24,1.19239657468581e-20,1.14038552994468e-23
748,7.11898802546085e+23,6.50231059238987e+24,1.19718657820263e-20,1.13653662479393e-23
750,7.11359596426619e+23,6.50882020954021e+24,1.20197427715969e-20,1.13270917290298e-23
752,7.10821882436e+23,6.51532361812766e+24,1.2067596416989e-20,1.12890301098443e-23
754,7.10285653129591e+23,6.52182086170605e+24,1.21154264230692e-20,1.12511797728174e-23
756,7.09750901129024e+23,6.5283119836068e+24,1.21632324981129e-20,1.12135391155264e-23
758,7.0921761912138e+23,6.53479702694078e+24,1.22110143537671e-20,1.11761065505266e-23
760,7.07968516250263e+23,6.54572517764083e+24,1.23305678079574e-20,1.12860727396356e-23
762,7.07441650164758e+23,6.55221569950276e+24,1.2378332495424e-20,1.12484657215333e-23
764,7.06916213889374e+23,6.5587001772924e+24,1.24260708876089e-20,1.12110660372372e-23
766,7.06392200520715e+23,6.56517865374422e+24,1.24737827163954e-20,1.11738721213541e-23
768,7.05869603214804e+23,6.57165117137923e+24,1.25214677168531e-20,1.11368824230979e-23
770,7.05348415186441e+23,6.57811777250584e+24,1.2569125627195e-20,1.11000954061311e-23
772,7.04828629708412e+23,6.58457849922247e+24,1.26167561887495e-20,1.10635095484082e-23
774,7.04310240110802e+23,6.59103339341875e+24,1.26643591459217e-20,1.10271233420218e-23
776,7.03793239780282e+23,6.59748249677761e+24,1.2711934246162e-20,1.09909352930496e-23
778,7.01811678414155e+23,6.6113010184039e+24,1.28557560265578e-20,1.09241772502115e-23
780,7.01302702467866e+23,6.61771382057835e+24,1.2903282904786e-20,1.08883932164538e-23
782,7.00795067693553e+23,6.62412109190691e+24,1.29507803815447e-20,1.08528038566685e-23
784,7.00288767895025e+23,6.63052287240414e+24,1.29982482239917e-20,1.08174077133443e-23
786,6.99783796927771e+23,6.63691920189308e+24,1.30456862020947e-20,1.07822033425307e-23
788,6.99280148698328e+23,6.64331012000667e+24,1.30930940886007e-20,1.07471893136912e-23
790,6.98777817163607e+23,6.64969566618951e+24,1.31404716590065e-20,1.07123642095575e-23
792,6.98276796330335e+23,6.65607587969872e+24,1.31878186915255e-20,1.06777266259852e-23
794,6.98807444214849e+23,6.66492415108523e+24,1.31871643341401e-20,1.04432352663894e-23
796,6.98304092976167e+23,6.67130797758363e+24,1.32345686860532e-20,1.04097558303642e-23
798,6.97802067696228e+23,6.67768645591108e+24,1.32819418572949e-20,1.03764543886925e-23
800,6.97301362293488e+23,6.68405962591026e+24,1.33292836320255e-20,1.03433296418806e-23
